,u,v,h,w,X,Y,Z,type,n_frame
0,814,249,35,26,22,169,12,yellow,1
1,961,346,73,55,187,754,-7,yellow,1
2,748,206,17,11,7,90,10,yellow,1
3,774,222,22,15,66,666,64,yellow,1
4,560,222,21,15,-20,412,39,blue,1
5,591,208,15,11,-2,66,7,blue,1
6,327,350,68,51,-132,683,-7,blue,1
7,500,253,34,26,-25,299,20,blue,1
8,115,272,27,17,-13,37,2,yellow,1
9,777,195,12,11,75,765,89,yellow,1
10,814,248,36,26,82,626,45,yellow,2
11,320,357,69,54,-6,32,-1,blue,2
12,964,352,74,54,85,339,-5,yellow,2
13,497,252,34,25,-72,833,58,blue,2
14,747,206,17,11,65,829,90,yellow,2
15,558,223,20,15,-44,902,86,blue,2
16,590,209,15,11,-11,385,41,yellow,2
17,773,220,23,16,58,586,56,yellow,2
18,624,201,12,10,-4,633,71,yellow,2
19,136,256,36,20,-193,561,38,yellow,2
20,110,265,33,19,-242,662,41,yellow,2
21,15,299,27,16,-332,748,29,yellow,2
22,815,252,37,27,120,904,63,yellow,3
23,298,365,77,58,-126,601,-15,blue,3
24,491,259,34,26,-15,165,11,blue,3
25,976,362,80,61,248,948,-22,yellow,3
26,771,222,26,17,38,388,37,yellow,3
27,553,226,22,16,-17,330,30,blue,3
28,747,206,18,11,46,575,63,yellow,3
29,0,306,25,17,-75,164,5,yellow,3
30,584,210,17,12,-25,773,81,yellow,3
31,619,203,13,11,-7,702,78,yellow,3
32,98,275,29,18,-170,452,25,yellow,3
33,828,258,38,29,133,936,60,yellow,4
34,778,225,23,16,51,498,46,yellow,4
35,549,228,21,16,-26,479,43,blue,4
36,250,400,84,66,-126,522,-28,blue,4
37,479,263,38,27,-78,805,49,blue,4
38,748,206,21,13,5,67,7,yellow,4
39,1021,393,91,70,63,211,-10,yellow,4
40,619,203,13,11,0,30,3,yellow,4
41,584,212,16,12,-1,33,3,yellow,4
42,104,274,29,19,-283,762,43,yellow,4
43,849,273,48,34,103,645,33,yellow,5
44,450,279,44,32,-81,703,33,blue,5
45,785,228,28,19,77,703,63,yellow,5
46,536,232,24,18,-18,282,24,blue,5
47,750,205,22,14,22,263,28,yellow,5
48,576,213,16,11,-21,554,57,blue,5
49,120,491,102,87,-262,790,-101,blue,5
50,615,202,14,11,-7,580,65,yellow,5
51,55,284,35,26,-320,785,36,yellow,5
52,22,286,43,26,-75,174,8,yellow,5
53,778,197,14,11,42,428,49,yellow,5
54,1122,477,121,102,237,611,-75,yellow,5
55,801,244,32,22,30,245,19,yellow,6
56,516,246,30,22,-7,92,7,blue,6
57,395,313,54,39,-67,445,9,blue,6
58,756,217,23,14,50,577,57,yellow,6
59,565,225,18,12,-30,664,62,yellow,6
60,893,308,56,42,186,961,22,yellow,6
61,782,204,14,11,88,859,95,yellow,6
62,608,211,15,11,-13,780,82,yellow,6
63,644,205,12,11,1,193,21,yellow,6
64,0,319,21,11,-389,850,22,yellow,6
65,825,256,35,27,86,622,41,yellow,7
66,479,259,35,27,-65,660,42,blue,7
67,983,369,81,60,179,671,-19,yellow,7
68,763,223,25,17,73,787,74,yellow,7
69,545,226,21,15,-18,305,28,blue,7
70,786,204,16,11,2,17,2,yellow,7
71,277,380,77,57,-27,122,-4,blue,7
72,597,212,15,11,-24,969,101,yellow,7
73,638,205,12,11,2,579,63,yellow,7
74,761,212,18,12,73,827,86,yellow,7
75,868,285,52,38,87,498,20,yellow,8
76,409,286,52,37,-98,695,28,blue,8
77,776,232,29,21,19,186,16,yellow,8
78,771,214,20,13,30,309,32,yellow,8
79,796,206,17,12,5,47,5,yellow,8
80,514,235,28,21,-46,602,50,blue,8
81,630,207,15,11,-2,847,92,yellow,8
82,582,215,18,12,-32,964,98,yellow,8
83,669,202,13,11,17,717,80,yellow,8
84,801,253,36,26,110,896,61,yellow,9
85,452,261,37,27,-38,325,20,blue,9
86,1006,385,87,68,183,640,-27,yellow,9
87,783,226,24,17,55,523,48,yellow,9
88,550,226,23,16,-40,747,69,blue,9
89,611,213,17,13,-1,36,4,yellow,9
90,807,214,19,13,105,874,89,yellow,9
91,228,395,79,63,-89,344,-17,blue,9
92,657,206,15,11,2,129,14,yellow,9
93,620,212,17,13,-5,585,61,yellow,9
94,821,203,14,11,125,973,108,yellow,9
95,818,252,34,24,56,416,29,yellow,10
96,301,336,63,48,-56,265,0,blue,10
97,894,326,67,47,187,944,8,yellow,10
98,495,253,33,24,-4,50,3,blue,10
99,583,231,24,18,-22,726,64,blue,10
100,645,218,18,12,5,527,52,yellow,10
101,832,228,21,16,10,71,6,yellow,10
102,684,211,13,11,30,879,92,yellow,10
103,889,253,36,26,75,407,28,yellow,11
104,530,256,35,27,-25,401,27,blue,11
105,367,313,58,42,-8,46,1,blue,11
106,622,230,25,18,-2,459,40,blue,11
107,907,312,56,39,131,644,14,yellow,11
108,868,230,31,20,51,308,27,yellow,11
109,675,217,17,12,5,170,17,yellow,11
110,705,209,13,11,11,226,24,yellow,11
111,856,214,16,12,136,882,90,yellow,11
112,718,204,13,11,27,473,52,yellow,11
113,994,316,57,41,263,988,17,yellow,12
114,900,239,28,19,146,771,63,yellow,12
115,556,261,36,27,-3,69,4,blue,12
116,921,271,39,28,189,909,50,yellow,12
117,380,331,63,45,-148,942,5,blue,12
118,867,224,21,14,126,775,73,yellow,12
119,634,231,26,19,3,562,49,blue,12
120,812,205,15,11,27,221,24,yellow,12
121,850,213,18,12,78,519,53,yellow,12
122,674,221,17,13,7,248,24,blue,12
123,692,214,15,11,28,703,72,yellow,12
124,606,204,12,11,-3,157,17,yellow,12
125,937,278,43,31,48,219,11,yellow,13
126,1033,360,70,53,295,982,-19,yellow,13
127,540,266,40,28,-40,730,43,blue,13
128,601,235,26,19,-7,392,33,blue,13
129,378,348,68,51,-102,648,-6,blue,13
130,825,220,22,16,1,8,1,yellow,13
131,862,239,27,19,67,413,34,yellow,13
132,772,209,18,12,40,419,44,yellow,13
133,695,203,16,11,8,184,20,yellow,13
134,625,225,20,14,-1,251,23,blue,13
135,565,215,16,11,-2,38,4,yellow,13
136,617,216,18,13,-5,521,52,yellow,13
137,525,212,14,11,-13,170,18,yellow,13
138,447,283,47,38,-81,700,30,blue,14
139,875,284,47,34,14,77,3,yellow,14
140,792,244,29,21,50,438,34,yellow,14
141,1099,410,93,71,33,91,-6,yellow,14
142,712,225,22,15,27,471,44,yellow,14
143,391,233,21,15,-154,939,82,blue,14
144,266,409,88,65,-215,939,-55,blue,14
145,437,236,23,17,-17,132,11,blue,14
146,452,214,16,11,-10,84,9,yellow,14
147,505,260,29,20,-26,318,21,blue,14
148,611,216,19,14,-12,865,86,yellow,14
149,497,241,23,17,-88,980,79,blue,14
150,515,213,17,12,-47,587,60,yellow,14
151,337,234,16,12,-141,692,61,blue,14
152,404,214,15,10,-15,97,10,yellow,14
153,298,232,13,11,-89,382,34,yellow,14
154,384,214,13,10,-108,627,65,yellow,14
155,280,231,12,11,-74,299,27,blue,14
156,780,273,43,32,9,81,4,yellow,15
157,269,255,27,18,-210,842,59,blue,15
158,309,259,33,23,-49,224,15,blue,15
159,954,372,84,61,206,834,-25,yellow,15
160,659,237,33,25,18,758,61,yellow,15
161,536,228,24,18,-29,462,41,yellow,15
162,210,254,22,16,-48,162,12,blue,15
163,425,224,20,14,-124,882,83,yellow,15
164,357,226,17,12,-160,846,79,yellow,15
165,375,267,35,26,-74,436,25,blue,15
166,346,311,52,39,-88,474,10,blue,15
167,222,389,78,61,-223,844,-36,blue,15
168,180,249,16,11,-96,301,23,yellow,15
169,309,227,15,11,-45,202,19,yellow,15
170,166,247,14,10,-216,656,52,yellow,15
171,288,224,15,11,-199,830,79,yellow,15
172,268,221,14,11,-88,347,34,yellow,15
173,305,318,58,42,-75,352,5,blue,16
174,251,294,41,30,-152,592,22,blue,16
175,744,273,50,35,60,679,35,yellow,16
176,568,244,36,26,-28,766,57,yellow,16
177,957,369,81,60,157,633,-18,yellow,16
178,365,231,23,16,-6,35,3,yellow,16
179,440,234,26,18,-55,432,37,yellow,16
180,217,281,32,23,-215,754,37,blue,16
181,160,459,96,70,-103,341,-33,blue,16
182,318,229,19,13,-11,53,5,yellow,16
183,163,260,18,12,-272,824,56,blue,16
184,302,226,16,11,-228,997,94,yellow,16
185,178,271,24,16,-83,262,15,blue,16
186,469,238,28,20,-16,146,12,yellow,17
187,554,248,37,28,-22,484,35,yellow,17
188,209,284,30,22,-132,452,21,blue,17
189,425,230,20,14,-27,191,17,yellow,17
190,207,321,41,28,-255,882,16,blue,17
191,749,297,58,43,79,839,26,yellow,17
192,231,258,22,15,-35,127,9,blue,17
193,1111,445,98,76,194,525,-47,yellow,17
194,403,220,15,10,-94,593,58,yellow,17
195,130,523,110,78,-278,868,-128,blue,17
196,245,248,17,11,-219,810,63,blue,17
197,255,240,14,10,-168,636,53,blue,17
198,179,374,63,48,-193,640,-18,blue,17
199,414,224,17,12,-100,669,63,yellow,17
200,436,203,13,11,-75,555,62,yellow,17
201,271,233,13,10,-148,586,52,yellow,17
202,725,270,46,33,15,205,11,yellow,18
203,884,337,77,54,166,854,-2,yellow,18
204,666,238,31,23,7,247,20,yellow,18
205,393,256,31,22,-8,50,3,blue,18
206,136,435,91,73,-26,81,-7,blue,18
207,432,238,22,15,-59,434,36,blue,18
208,462,227,18,12,-65,560,52,blue,18
209,649,213,20,14,11,850,87,yellow,18
210,671,205,17,12,21,800,87,yellow,18
211,291,310,51,39,-7,32,1,blue,18
212,492,215,16,11,-56,584,60,blue,18
213,659,227,21,17,7,343,31,yellow,18
214,525,209,12,11,-4,53,6,yellow,18
215,743,197,13,10,51,681,79,yellow,18
216,698,200,15,11,0,0,0,yellow,18
217,683,202,16,11,15,445,50,yellow,18
218,798,197,13,10,95,850,98,yellow,18
219,983,303,50,36,232,907,26,yellow,19
220,510,296,58,42,-61,881,28,blue,19
221,597,256,37,28,-1,76,5,blue,19
222,651,237,25,17,15,987,83,blue,19
223,937,262,38,26,63,286,18,yellow,19
224,913,237,23,14,181,922,78,yellow,19
225,951,219,17,12,107,482,47,yellow,19
226,167,505,109,87,-134,456,-63,blue,19
227,999,215,18,11,82,321,33,yellow,19
228,926,225,19,13,156,764,72,yellow,19
229,773,210,14,11,39,411,44,yellow,19
230,1062,219,14,11,222,736,73,yellow,19
231,1195,472,108,77,432,981,-107,yellow,19
232,738,214,15,11,60,843,87,blue,19
233,696,223,20,13,41,908,87,blue,19
234,1098,221,14,11,207,632,62,yellow,19
235,816,208,12,11,37,299,32,yellow,19
236,915,249,26,18,83,419,31,yellow,19
237,1187,227,12,11,183,462,43,yellow,19
238,1148,226,13,10,328,898,84,yellow,19
239,861,206,11,11,11,68,7,yellow,19
240,560,292,56,40,-4,120,4,blue,20
241,1018,300,55,41,122,429,12,yellow,20
242,951,240,29,19,161,715,58,yellow,20
243,628,251,38,27,5,959,67,blue,20
244,689,229,27,18,37,885,79,blue,20
245,1116,380,78,58,170,463,-17,yellow,20
246,981,225,22,14,100,409,38,yellow,20
247,736,218,20,14,47,647,64,blue,20
248,1027,221,19,13,217,785,76,yellow,20
249,958,232,24,16,166,724,63,yellow,20
250,963,264,37,26,46,196,12,yellow,20
251,1175,228,15,11,367,948,88,yellow,20
252,822,208,15,11,125,963,103,blue,20
253,408,394,79,60,-121,913,-43,blue,20
254,870,205,14,11,106,649,71,blue,20
255,1214,229,14,10,239,571,52,yellow,20
256,775,211,19,14,54,547,57,blue,20
257,909,205,13,11,65,344,38,yellow,20
258,1127,225,16,11,89,254,24,yellow,20
259,1091,225,16,11,213,658,62,yellow,20
260,950,206,12,10,123,562,61,yellow,20
261,1186,227,14,11,140,353,33,yellow,20
262,950,245,30,21,63,279,21,yellow,21
263,968,269,39,26,98,408,23,yellow,21
264,620,259,37,26,-1,504,32,blue,21
265,977,227,20,13,3,11,1,yellow,21
266,1159,408,82,60,279,695,-39,yellow,21
267,678,234,27,18,29,839,72,blue,21
268,1033,310,56,40,154,523,11,yellow,21
269,767,214,18,12,57,615,63,blue,21
270,1087,226,16,11,90,282,27,yellow,21
271,957,235,24,16,192,841,72,yellow,21
272,1023,224,18,12,208,761,72,yellow,21
273,1123,228,15,11,58,168,16,yellow,21
274,1171,230,16,11,311,808,74,yellow,21
275,1208,229,16,11,327,789,72,yellow,21
276,814,210,16,12,7,53,6,blue,21
277,863,208,13,10,65,413,44,yellow,21
278,726,222,21,14,5,79,8,blue,21
279,540,303,60,43,-27,562,15,blue,21
280,900,208,12,11,91,497,53,yellow,21
281,943,208,12,11,102,476,51,yellow,21
282,1235,230,15,11,13,30,3,yellow,21
283,1153,227,13,11,98,265,25,yellow,21
284,975,276,44,31,114,459,23,yellow,22
285,950,250,33,22,61,269,19,yellow,22
286,508,321,66,48,-3,49,1,blue,22
287,974,226,21,13,131,549,51,yellow,22
288,663,237,29,19,8,299,25,blue,22
289,755,213,18,12,61,716,74,blue,22
290,713,222,22,15,34,592,57,blue,22
291,1052,326,57,43,78,251,2,yellow,22
292,952,236,27,18,41,182,15,yellow,22
293,1166,227,16,11,63,165,15,yellow,22
294,598,265,43,31,-3,219,13,blue,22
295,803,208,17,12,83,712,76,blue,22
296,1204,448,93,69,377,853,-76,yellow,22
297,1118,225,17,11,172,499,47,yellow,22
298,1083,224,18,13,273,857,81,yellow,22
299,854,205,15,11,124,815,89,blue,22
300,1203,229,14,11,325,794,73,yellow,22
301,1019,223,19,13,202,746,71,yellow,22
302,892,204,14,10,62,350,39,yellow,22
303,1091,225,16,12,293,904,85,yellow,22
304,935,204,13,10,78,373,41,yellow,22
305,1227,228,14,11,317,740,69,yellow,22
306,1210,229,13,12,38,92,8,yellow,22
307,976,290,43,30,111,447,18,yellow,23
308,566,282,44,32,-33,925,42,blue,23
309,952,256,27,19,103,458,32,yellow,23
310,1070,345,73,53,219,666,-5,yellow,23
311,457,356,71,52,-62,608,-10,blue,23
312,639,248,31,22,2,251,18,blue,23
313,1010,231,19,13,103,391,35,yellow,23
314,694,232,23,16,31,699,61,blue,23
315,1074,232,16,12,261,841,75,yellow,23
316,964,234,24,16,133,570,49,yellow,23
317,789,216,16,12,88,822,83,blue,23
318,838,213,15,11,78,558,58,blue,23
319,1109,232,17,12,69,204,18,yellow,23
320,1083,230,16,11,64,200,18,yellow,23
321,740,226,18,13,67,899,84,blue,23
322,1155,234,15,11,224,603,53,yellow,23
323,878,212,14,12,162,959,99,blue,23
324,159,605,109,121,-102,339,-76,blue,23
325,1190,236,13,11,166,417,36,yellow,23
326,921,211,14,11,146,732,77,yellow,23
327,1046,219,12,10,271,940,93,yellow,23
328,992,297,52,38,160,607,19,yellow,24
329,517,292,58,42,-49,766,26,blue,24
330,942,237,29,20,50,227,19,yellow,24
331,1121,382,83,65,285,768,-30,yellow,24
332,664,228,26,18,1,34,3,blue,24
333,952,265,39,27,56,245,15,yellow,24
334,957,230,22,15,40,175,16,yellow,24
335,603,249,36,25,-11,865,62,blue,24
336,374,416,73,53,-77,490,-29,blue,24
337,711,217,21,15,30,545,54,blue,24
338,1142,225,16,11,303,835,79,yellow,24
339,999,223,19,13,213,832,80,yellow,24
340,816,204,17,12,124,981,107,yellow,24
341,857,203,15,11,32,211,23,yellow,24
342,1061,222,18,12,255,846,81,yellow,24
343,901,204,14,11,183,988,109,yellow,24
344,763,209,20,14,56,614,65,blue,24
345,1095,221,20,12,60,182,18,yellow,24
346,969,206,12,10,93,402,44,yellow,24
347,1196,224,13,10,154,383,37,yellow,24
348,931,252,33,24,48,224,16,yellow,25
349,1015,331,70,49,12,42,0,yellow,25
350,429,338,70,51,-52,434,-1,blue,25
351,984,228,19,13,197,802,74,yellow,25
352,546,268,42,29,-29,579,33,blue,25
353,673,225,23,16,15,498,46,blue,25
354,617,237,32,23,-3,580,47,blue,25
355,1044,227,16,12,132,457,42,yellow,25
356,1077,227,17,11,213,681,64,yellow,25
357,941,236,27,17,70,321,27,yellow,25
358,952,283,48,36,94,405,17,yellow,25
359,730,216,19,13,50,734,74,blue,25
360,785,209,17,12,30,288,30,yellow,25
361,1208,455,111,71,249,551,-52,yellow,25
362,873,206,14,11,50,303,33,yellow,25
363,174,568,129,112,-234,832,-162,blue,25
364,1152,227,14,10,324,877,82,yellow,25
365,1122,227,16,11,140,402,38,yellow,25
366,828,207,15,11,118,886,96,yellow,25
367,1105,228,15,12,83,248,23,yellow,25
368,943,208,13,11,19,87,9,yellow,25
369,1171,227,14,10,90,234,22,yellow,25
370,971,311,62,45,196,779,15,yellow,26
371,945,239,27,18,26,120,10,yellow,26
372,927,268,39,26,12,57,3,yellow,26
373,553,255,38,27,-23,486,33,blue,26
374,962,229,25,17,169,728,65,yellow,26
375,1054,228,18,12,128,433,40,yellow,26
376,454,303,55,41,-40,364,10,blue,26
377,1034,227,19,13,209,740,69,yellow,26
378,1023,230,18,13,219,799,72,yellow,26
379,617,234,29,21,-2,396,33,blue,26
380,743,213,18,13,15,200,21,blue,26
381,1096,227,16,11,232,708,66,yellow,26
382,682,222,23,16,29,793,75,blue,26
383,1078,396,87,64,106,311,-15,yellow,26
384,789,209,16,12,4,35,4,yellow,26
385,837,209,15,11,93,662,71,yellow,26
386,1123,227,14,11,296,854,80,yellow,26
387,910,209,14,11,163,853,91,yellow,26
388,265,444,83,60,-70,301,-25,blue,26
389,927,242,30,22,90,433,34,yellow,26
390,928,302,51,37,154,710,21,yellow,27
391,904,261,35,26,2,10,1,yellow,27
392,938,238,26,18,83,384,32,yellow,27
393,270,390,76,57,-230,997,-42,blue,27
394,1033,390,81,61,262,860,-38,yellow,27
395,531,255,36,26,-58,931,62,blue,27
396,439,292,49,36,-6,47,2,blue,27
397,615,236,26,18,-1,99,8,blue,27
398,1024,233,19,13,41,148,13,yellow,27
399,735,214,18,12,22,313,32,blue,27
400,996,235,21,14,71,280,24,yellow,27
401,1065,232,17,11,278,915,82,yellow,27
402,684,220,22,16,27,723,70,blue,27
403,787,212,17,11,103,967,101,yellow,27
404,1087,230,14,11,50,156,14,yellow,27
405,1036,232,18,13,26,93,8,yellow,27
406,898,286,49,33,135,692,29,yellow,28
407,913,249,35,25,53,263,19,yellow,28
408,385,295,50,36,-131,827,28,blue,28
409,974,232,23,16,58,241,21,yellow,28
410,505,256,35,27,-57,703,47,blue,28
411,972,375,77,59,242,938,-30,yellow,28
412,217,383,75,56,-2,9,0,blue,28
413,967,238,23,15,39,165,14,yellow,28
414,1027,229,18,12,0,1,0,yellow,28
415,598,229,27,19,-6,311,28,blue,28
416,719,213,19,13,58,969,100,blue,28
417,992,233,21,14,44,176,15,yellow,28
418,807,210,17,11,60,503,53,yellow,28
419,658,218,23,17,6,293,29,blue,28
420,912,210,12,10,115,602,64,yellow,28
421,871,208,14,11,160,978,105,yellow,28
422,1042,222,15,11,125,436,42,yellow,28
423,1049,223,13,10,20,69,7,yellow,28
424,940,209,12,10,61,288,31,yellow,28
425,898,280,47,32,37,193,9,yellow,29
426,939,250,28,19,207,953,70,yellow,29
427,925,365,84,61,65,286,-7,yellow,29
428,305,320,56,41,-90,425,6,blue,29
429,960,241,23,15,23,100,8,yellow,29
430,626,227,23,18,-1,545,49,blue,29
431,547,241,27,19,-8,147,12,blue,29
432,53,441,78,64,-383,977,-80,blue,29
433,460,261,38,28,-5,45,3,blue,29
434,731,219,19,14,5,69,7,yellow,29
435,988,232,21,13,88,355,32,yellow,29
436,804,213,15,11,69,588,61,blue,29
437,847,210,14,10,128,869,92,yellow,29
438,876,210,13,11,125,750,79,yellow,29
439,938,256,29,19,31,145,10,yellow,30
440,926,358,75,53,60,269,-5,yellow,30
441,214,339,60,46,-133,479,-1,blue,30
442,374,284,40,28,-55,325,15,blue,30
443,490,252,35,27,-84,922,64,blue,30
444,929,282,39,28,114,537,25,yellow,30
445,953,241,25,17,198,881,71,yellow,30
446,632,232,27,21,2,624,54,blue,30
447,720,221,20,14,14,233,22,blue,30
448,770,217,16,11,59,624,63,blue,30
449,914,214,14,10,52,270,28,yellow,30
450,803,214,14,10,78,668,69,yellow,30
451,947,230,17,12,38,176,16,yellow,30
452,874,208,12,11,164,996,107,yellow,30
453,762,203,12,10,9,103,11,yellow,30
454,941,222,15,11,129,606,59,yellow,30
455,778,206,12,11,92,934,102,yellow,30
456,925,255,36,25,170,813,55,yellow,31
457,490,261,38,27,-45,501,31,blue,31
458,261,317,53,40,-238,968,16,blue,31
459,928,289,47,33,85,395,16,yellow,31
460,899,229,26,18,145,771,69,yellow,31
461,613,230,27,20,-6,662,58,blue,31
462,967,347,71,53,203,805,-8,yellow,31
463,715,216,18,13,19,337,34,yellow,31
464,880,220,20,14,25,145,14,yellow,31
465,677,224,19,14,24,771,73,yellow,31
466,23,409,73,52,-261,623,-34,blue,31
467,842,211,16,12,31,214,22,yellow,31
468,662,205,14,10,10,493,54,yellow,31
469,794,205,13,11,43,396,43,yellow,31
470,683,209,16,11,11,321,34,blue,31
471,670,213,18,13,19,726,75,yellow,31
472,494,254,38,28,-39,447,30,blue,32
473,855,237,29,20,78,497,41,yellow,32
474,580,235,27,21,-31,976,82,blue,32
475,293,324,60,46,-193,877,8,blue,32
476,915,278,44,32,36,173,8,yellow,32
477,627,224,21,14,-1,490,46,blue,32
478,970,357,73,54,166,651,-11,yellow,32
479,826,223,21,16,119,882,83,yellow,32
480,592,214,17,12,-25,906,93,blue,32
481,778,209,20,13,78,768,81,yellow,32
482,718,204,16,11,3,59,7,yellow,32
483,568,209,16,11,-11,260,28,blue,32
484,522,209,12,11,-30,389,41,yellow,32
485,584,212,17,12,-3,91,9,yellow,32
486,449,210,13,11,-21,169,18,yellow,32
487,1129,549,150,108,297,734,-131,yellow,32
488,614,197,12,10,-3,198,23,yellow,32
489,671,198,15,11,21,803,92,yellow,32
490,497,239,33,22,-73,839,67,blue,33
491,421,269,43,32,-55,403,22,blue,33
492,269,325,59,41,-116,488,5,blue,33
493,822,259,43,29,38,270,17,yellow,33
494,960,354,77,57,97,390,-6,yellow,33
495,763,225,31,23,90,957,87,yellow,33
496,459,226,24,17,-108,936,86,blue,33
497,437,220,20,14,-93,701,68,blue,33
498,621,202,21,15,-2,252,28,yellow,33
499,695,210,26,18,40,852,88,yellow,33
500,387,219,17,11,0,2,0,blue,33
501,565,200,17,11,-12,255,29,yellow,33
502,308,222,16,11,-64,286,28,yellow,33
503,410,203,14,10,-136,887,98,yellow,33
504,234,229,15,11,-145,520,48,yellow,33
505,332,209,13,11,-169,810,86,yellow,33
506,178,235,15,11,-60,188,16,yellow,33
507,499,201,14,11,-36,388,44,yellow,33
508,760,245,38,28,5,51,4,yellow,34
509,845,295,57,40,99,617,20,yellow,34
510,439,268,38,28,-72,579,33,blue,34
511,329,311,58,39,-120,614,13,blue,34
512,96,406,85,66,-284,797,-46,blue,34
513,334,237,20,14,-50,242,20,blue,34
514,680,229,26,19,1,18,2,yellow,34
515,385,239,23,16,-42,248,20,blue,34
516,406,247,28,20,-23,155,12,blue,34
517,595,219,22,16,-16,697,68,yellow,34
518,253,242,16,11,-187,707,58,blue,34
519,463,213,17,12,-112,968,100,yellow,34
520,533,214,18,13,-25,370,38,yellow,34
521,369,219,15,11,-26,145,14,yellow,34
522,1086,484,123,100,16,44,-6,yellow,34
523,178,248,15,11,-18,57,4,yellow,34
524,231,230,13,11,-266,942,86,yellow,34
525,207,232,11,11,-142,474,43,yellow,34
526,326,334,59,43,-89,450,2,blue,35
527,827,293,58,44,67,454,15,yellow,35
528,699,245,41,29,27,496,36,yellow,35
529,270,251,25,18,-70,280,20,blue,35
530,317,258,33,24,-110,516,34,blue,35
531,588,228,29,21,-13,501,45,yellow,35
532,187,254,21,15,-9,29,2,blue,35
533,324,279,38,28,-98,475,23,blue,35
534,437,217,20,14,-25,187,19,yellow,35
535,76,456,95,79,-326,885,-87,blue,35
536,515,219,24,16,-58,745,72,yellow,35
537,247,229,16,11,-59,218,20,yellow,35
538,115,259,17,12,-307,835,58,blue,35
539,41,258,16,11,-338,794,56,yellow,35
540,1030,445,100,72,158,510,-45,yellow,35
541,333,221,18,12,-201,976,95,yellow,35
542,168,234,12,10,-271,825,73,yellow,35
543,190,235,14,10,-56,181,16,yellow,35
544,59,260,17,12,-39,95,7,blue,35
545,649,246,37,27,1,51,4,yellow,36
546,794,282,50,36,80,656,29,yellow,36
547,566,231,29,20,-9,222,19,yellow,36
548,316,277,38,27,-197,932,47,blue,36
549,1000,390,84,63,271,965,-43,yellow,36
550,276,265,28,19,-113,466,29,blue,36
551,132,264,18,13,-217,614,40,yellow,36
552,230,427,95,76,-12,47,-4,blue,36
553,368,227,18,13,-131,722,67,yellow,36
554,480,226,21,15,-21,202,19,yellow,36
555,199,263,21,15,-30,99,6,blue,36
556,280,232,17,12,-110,448,40,yellow,36
557,224,235,16,11,-194,680,59,yellow,36
558,307,315,43,30,-139,644,14,blue,36
559,83,264,16,12,-185,472,31,blue,36
560,75,261,16,12,-70,175,12,blue,36
561,815,293,57,43,123,882,30,yellow,37
562,695,248,42,30,27,528,37,yellow,37
563,319,317,55,40,-17,82,1,blue,37
564,309,277,39,28,-111,513,26,blue,37
565,1076,410,89,68,303,893,-55,yellow,37
566,243,263,26,18,-39,144,9,blue,37
567,458,225,22,16,-110,943,87,yellow,37
568,188,254,23,16,-215,695,50,blue,37
569,363,225,19,13,-17,93,9,yellow,37
570,585,231,29,21,-12,431,37,yellow,37
571,239,402,76,58,-248,980,-51,blue,37
572,153,250,20,14,-236,699,52,blue,37
573,308,227,13,10,-224,991,93,yellow,37
574,293,333,64,47,-197,903,3,blue,38
575,271,281,38,27,-207,850,41,blue,38
576,467,226,22,15,-8,69,6,yellow,38
577,578,235,30,22,-22,684,57,yellow,38
578,411,220,20,13,-98,651,64,yellow,38
579,238,259,23,16,-193,706,48,blue,38
580,758,263,43,31,39,413,25,yellow,38
581,191,491,110,87,-175,634,-81,blue,38
582,950,333,69,50,105,439,1,yellow,38
583,399,215,17,11,-121,757,77,yellow,38
584,420,203,12,10,-123,839,93,yellow,38
585,227,249,18,13,-136,480,37,blue,38
586,242,238,14,11,-201,736,63,yellow,38
587,772,283,53,38,77,711,30,yellow,39
588,278,277,36,26,-69,287,15,blue,39
589,297,253,23,16,-64,277,20,blue,39
590,536,228,23,17,-1,14,1,yellow,39
591,231,348,59,45,-210,793,-6,blue,39
592,603,244,34,25,-13,990,75,yellow,39
593,337,235,18,12,-150,738,64,blue,39
594,528,217,20,14,-54,782,78,yellow,39
595,1161,440,86,63,149,368,-30,yellow,39
596,536,207,16,12,-8,124,13,yellow,39
597,383,221,15,11,-84,490,48,blue,39
598,435,210,13,11,-136,998,106,yellow,39
599,590,196,12,11,-1,24,3,yellow,39
600,713,253,42,31,44,684,46,yellow,40
601,839,322,69,48,4,28,0,yellow,40
602,353,274,38,25,-135,729,39,blue,40
603,444,241,25,17,-37,297,24,blue,40
604,724,215,21,15,43,667,67,yellow,40
605,238,351,60,44,-146,562,-5,blue,40
606,710,235,27,20,10,176,15,yellow,40
607,522,221,19,14,-59,799,77,blue,40
608,733,214,22,15,53,747,76,yellow,40
609,761,205,18,12,52,589,64,yellow,40
610,789,201,16,11,25,237,27,yellow,40
611,857,196,16,11,122,787,91,yellow,40
612,595,207,18,12,-7,286,31,yellow,40
613,648,200,15,11,5,477,54,yellow,40
614,701,196,14,11,34,732,85,yellow,40
615,821,198,17,12,9,69,8,yellow,40
616,979,250,32,23,0,2,0,yellow,41
617,1013,237,24,16,186,692,58,yellow,41
618,557,271,41,30,-36,843,45,blue,41
619,1085,410,84,62,140,406,-24,yellow,41
620,690,237,28,19,6,144,12,blue,41
621,1040,231,19,13,31,110,10,yellow,41
622,999,303,56,38,29,109,3,yellow,41
623,1073,229,18,12,195,626,57,yellow,41
624,791,222,22,15,16,148,14,blue,41
625,336,363,68,52,-157,841,-18,blue,41
626,1112,229,17,12,129,381,35,yellow,41
627,855,214,18,12,151,984,101,blue,41
628,1089,227,16,12,187,581,54,yellow,41
629,917,213,14,11,194,989,102,blue,41
630,1176,301,42,31,224,561,18,yellow,42
631,634,313,59,43,14,922,17,blue,42
632,809,258,39,27,10,75,5,blue,42
633,921,238,30,21,152,744,61,blue,42
634,1210,257,29,19,140,332,23,yellow,42
635,1243,256,22,16,198,446,31,yellow,42
636,989,230,20,13,69,277,25,blue,42
637,1053,228,17,12,79,267,25,blue,42
638,1192,269,31,19,268,658,39,yellow,42
639,231,509,116,84,-68,279,-39,blue,42
640,1117,229,15,11,318,929,85,yellow,42
641,1179,305,43,32,217,541,15,yellow,43
642,629,320,58,43,6,489,7,blue,43
643,918,241,31,22,181,892,70,blue,43
644,1212,264,25,15,48,113,7,yellow,43
645,987,231,23,15,83,335,30,blue,43
646,1190,275,30,21,367,906,49,yellow,43
647,1240,258,28,18,205,461,31,yellow,43
648,1051,231,18,12,205,695,62,blue,43
649,806,262,39,28,41,320,20,blue,43
650,1115,232,17,11,199,582,52,yellow,43
651,197,538,120,99,-249,932,-155,blue,43
652,1186,305,47,35,5,12,0,yellow,44
653,797,261,41,29,106,878,54,blue,44
654,914,239,29,20,192,966,78,blue,44
655,1237,254,28,18,146,331,23,yellow,44
656,981,227,19,15,122,503,46,blue,44
657,1210,260,27,16,12,29,2,yellow,44
658,1043,226,17,13,282,980,91,blue,44
659,606,333,71,45,0,378,1,yellow,44
660,1106,226,18,12,219,651,61,yellow,44
661,1191,272,32,22,95,234,13,yellow,44
662,784,276,45,32,68,595,29,blue,45
663,903,248,32,25,20,105,8,blue,45
664,1217,324,50,37,345,794,10,yellow,45
665,1236,262,24,16,61,138,9,yellow,45
666,1210,267,27,17,408,973,60,yellow,45
667,970,235,22,15,176,743,64,blue,45
668,1032,229,20,14,167,594,54,blue,45
669,1094,230,17,11,56,171,16,blue,45
670,1199,279,33,23,153,369,19,yellow,45
671,1268,261,23,11,276,594,41,yellow,45
672,883,250,37,26,93,517,37,blue,46
673,753,295,57,42,90,929,30,blue,46
674,1205,287,34,24,212,505,22,yellow,46
675,1008,226,21,14,116,442,41,blue,46
676,1224,260,25,15,170,396,27,yellow,46
677,1253,257,23,16,3,6,0,yellow,46
678,947,232,26,18,26,119,10,blue,46
679,1203,267,27,18,406,979,60,yellow,46
680,1251,348,55,30,176,378,-1,yellow,46
681,1240,254,27,20,99,224,16,yellow,46
682,1068,224,19,13,200,650,62,blue,46
